recording_id,filename,turn_index,start,end,duration
Call recording +251127_114430,Call recording +251127_114430.wav,1,1.482,19.64,18.158
Call recording +251127_114430,Call recording +251127_114430.wav,2,22.289,39.687,17.398
Call recording +251128_074424,Call recording +251128_074424.wav,1,0.098,5.279,5.181
Call recording +251128_074424,Call recording +251128_074424.wav,2,22.272,30.17,7.898
Call recording +251128_074424,Call recording +251128_074424.wav,3,44.243,51.584,7.341
Call recording +251128_074424,Call recording +251128_074424.wav,4,52.934,56.917,3.983
Call recording +251128_074424,Call recording +251128_074424.wav,5,58.182,66.738,8.556
Call recording +251128_074424,Call recording +251128_074424.wav,6,74.838,86.077,11.239
Call recording +251128_074424,Call recording +251128_074424.wav,7,87.14,89.62,2.48
Call recording 0_251128_090910,Call recording 0_251128_090910.wav,1,0.892,18.796,17.904
Call recording 0_251128_090910,Call recording 0_251128_090910.wav,2,50.723,55.82,5.097
Call recording 0_251128_090910,Call recording 0_251128_090910.wav,3,59.262,62.283,3.021
Call recording 0_251129_090737,Call recording 0_251129_090737.wav,1,2.022,29.748,27.726
Call recording 0_251129_090737,Call recording 0_251129_090737.wav,2,32.363,41.442,9.079
Call recording 2215053,Call recording 2215053.wav,1,0.031,15.556,15.525
Call recording 2215053,Call recording 2215053.wav,2,17.868,20.028,2.16
Call recording 2215053,Call recording 2215053.wav,3,23.538,26.052,2.514
Call recording 2215053,Call recording 2215053.wav,4,28.87,31.418,2.548
Call recording 2215053,Call recording 2215053.wav,5,33.899,39.603,5.704
Call recording 2215053,Call recording 2215053.wav,6,42.86,55.094,12.234
Call recording 2215053,Call recording 2215053.wav,7,59.515,62.62,3.105
Call recording 2215053,Call recording 2215053.wav,8,65.27,75.631,10.361
Call recording 2215053,Call recording 2215053.wav,9,83.731,88.287,4.556
Call recording 2215053,Call recording 2215053.wav,10,90.397,94.447,4.05
Call recording 2215053,Call recording 2215053.wav,11,95.577,102.732,7.155
Call recording 2215053,Call recording 2215053.wav,12,107.035,110.41,3.375
Call recording 2215053,Call recording 2215053.wav,13,113.414,122.594,9.18
Call recording 251127_191819,Call recording 251127_191819.wav,1,0.031,5.33,5.299
Call recording 251127_191819,Call recording 251127_191819.wav,2,6.916,10.78,3.864
Call recording 251127_191819,Call recording 251127_191819.wav,3,16.619,24.263,7.644
Call recording 251127_191819,Call recording 251127_191819.wav,4,25.664,28.685,3.021
Call recording 251127_191819,Call recording 251127_191819.wav,5,30.001,35.587,5.586
Call recording 251127_191819,Call recording 251127_191819.wav,6,43.484,46.319,2.835
Call recording 251127_191819,Call recording 251127_191819.wav,7,55.634,63.532,7.898
Call recording 251127_191819,Call recording 251127_191819.wav,8,65.084,72.813,7.729
Call recording 251127_191819,Call recording 251127_191819.wav,9,75.125,89.249,14.124
Call recording 251127_191819,Call recording 251127_191819.wav,10,112.891,116.654,3.763
Call recording 251127_191819,Call recording 251127_191819.wav,11,185.656,187.9,2.244
Call recording 251128_000340,Call recording 251128_000340.wav,1,0.031,11.287,11.256
Call recording 251128_000340,Call recording 251128_000340.wav,2,15.826,21.192,5.366
Call recording 251128_000340,Call recording 251128_000340.wav,3,25.833,30.878,5.045
Call recording 251128_000340,Call recording 251128_000340.wav,4,38.523,46.117,7.594
Call recording 251128_000340,Call recording 251128_000340.wav,5,79.478,81.638,2.16
Call recording 251128_000340,Call recording 251128_000340.wav,6,110.022,113.566,3.544
Call recording 251128_000340,Call recording 251128_000340.wav,7,121.413,123.742,2.329
Call recording 251128_051228,Call recording 251128_051228.wav,1,3.001,6.629,3.628
Call recording 251128_051228,Call recording 251128_051228.wav,2,7.76,16.687,8.927
Call recording 251128_051228,Call recording 251128_051228.wav,3,27.233,29.427,2.194
Call recording 251128_051228,Call recording 251128_051228.wav,4,39.012,41.29,2.278
Call recording 251128_051228,Call recording 251128_051228.wav,5,50.504,52.613,2.109
Call recording 251128_061456,Call recording 251128_061456.wav,1,2.731,23.993,21.262
Call recording 251128_064500,Call recording 251128_064500.wav,1,0.031,7.321,7.29
Call recording 251128_064500,Call recording 251128_064500.wav,2,9.818,15.488,5.67
Call recording 251128_064500,Call recording 251128_064500.wav,3,27.233,33.562,6.329
Call recording 251128_064500,Call recording 251128_064500.wav,4,43.045,46.252,3.207
Call recording 251128_064500,Call recording 251128_064500.wav,5,59.768,63.38,3.612
Call recording 251128_145834,Call recording 251128_145834.wav,1,0.267,19.42,19.153
Call recording 251128_145834,Call recording 251128_145834.wav,2,23.403,31.537,8.134
Call recording 251128_145834,Call recording 251128_145834.wav,3,49.762,57.153,7.391
Call recording 251128_173111,Call recording 251128_173111.wav,1,10.46,21.125,10.665
Call recording 251128_173111,Call recording 251128_173111.wav,2,22.154,41.51,19.356
Call recording 251128_173111,Call recording 251128_173111.wav,3,53.963,58.385,4.422
Call recording 251128_173111,Call recording 251128_173111.wav,4,64.865,71.463,6.598
Call recording 251128_173111,Call recording 251128_173111.wav,5,91.24,94.902,3.662
Call recording 251128_173111,Call recording 251128_173111.wav,6,99.83,106.833,7.003
Call recording 251128_173111,Call recording 251128_173111.wav,7,131.605,136.027,4.422
Call recording 251129_111451,Call recording 251129_111451.wav,1,0.031,5.684,5.653
Call recording 251129_111451,Call recording 251129_111451.wav,2,7.0,15.32,8.32
Call recording 251129_111451,Call recording 251129_111451.wav,3,17.986,21.31,3.324
Call recording 251129_111451,Call recording 251129_111451.wav,4,43.703,47.77,4.067
Call recording 251129_111451,Call recording 251129_111451.wav,5,70.265,73.133,2.868
Call recording 251129_111451,Call recording 251129_111451.wav,6,82.246,86.212,3.966
Call recording 251129_111451,Call recording 251129_111451.wav,7,94.548,96.607,2.059
Call recording 251130_061344,Call recording 251130_061344.wav,1,0.031,17.918,17.887
Call recording 251130_061344,Call recording 251130_061344.wav,2,19.167,26.508,7.341
Call recording 251130_061344,Call recording 251130_061344.wav,3,45.61,48.817,3.207
Call recording 251130_182300,Call recording 251130_182300.wav,1,0.031,9.515,9.484
Call recording 251130_182300,Call recording 251130_182300.wav,2,12.164,15.472,3.308
Call recording 251130_182300,Call recording 251130_182300.wav,3,17.902,20.534,2.632
Call recording 251130_182300,Call recording 251130_182300.wav,4,55.499,57.693,2.194
Call recording 251130_182300,Call recording 251130_182300.wav,5,102.462,120.417,17.955
Call recording 251130_182300,Call recording 251130_182300.wav,6,123.86,126.003,2.143
Call recording 251201_114612,Call recording 251201_114612.wav,1,2.005,16.636,14.631
Call recording 251201_114612,Call recording 251201_114612.wav,2,18.155,21.091,2.936
Call recording 251201_114612,Call recording 251201_114612.wav,3,40.632,44.851,4.219
Call recording 251201_114612,Call recording 251201_114612.wav,4,51.466,63.953,12.487
Call recording 251201_114612,Call recording 251201_114612.wav,5,81.706,89.03,7.324
Call recording 251201_114612,Call recording 251201_114612.wav,6,90.515,101.568,11.053
Call recording 251201_114612,Call recording 251201_114612.wav,7,103.171,107.71,4.539
Call recording 251201_154056,Call recording 251201_154056.wav,1,0.031,20.197,20.166
Call recording 251201_154056,Call recording 251201_154056.wav,2,21.85,24.432,2.582
Call recording 251201_154056,Call recording 251201_154056.wav,3,31.942,35.047,3.105
Call recording 251201_154056,Call recording 251201_154056.wav,4,50.909,62.468,11.559
Call recording 251201_154056,Call recording 251201_154056.wav,5,68.797,74.399,5.602
Call recording 7251127_124019,Call recording 7251127_124019.wav,1,0.908,6.933,6.025
Call recording 7251127_124019,Call recording 7251127_124019.wav,2,17.851,27.149,9.298
Call recording 7251128_075207,Call recording 7251128_075207.wav,1,0.031,20.618,20.587
Call recording 7251128_075207,Call recording 7251128_075207.wav,2,26.322,32.532,6.21
Call recording 7251128_075207,Call recording 7251128_075207.wav,3,35.705,37.763,2.058
Call recording 7251128_075207,Call recording 7251128_075207.wav,4,47.804,53.272,5.468
Call recording 7251128_075207,Call recording 7251128_075207.wav,5,68.307,75.007,6.7
Call recording 7251128_075207,Call recording 7251128_075207.wav,6,92.945,96.91,3.965
Call recording 7251128_075207,Call recording 7251128_075207.wav,7,99.239,101.838,2.599
Call recording 7251128_075207,Call recording 7251128_075207.wav,8,104.116,108.503,4.387
Call recording 7251128_090539,Call recording 7251128_090539.wav,1,0.672,6.19,5.518
Call recording 7251128_090539,Call recording 7251128_090539.wav,2,7.253,18.745,11.492
Call recording 7251128_162532,Call recording 7251128_162532.wav,1,8.84,12.94,4.1
Call recording 7251128_162532,Call recording 7251128_162532.wav,2,20.467,24.618,4.151
Call recording 7251128_162532,Call recording 7251128_162532.wav,3,26.693,31.84,5.147
Call recording 7251128_172437,Call recording 7251128_172437.wav,1,9.717,13.48,3.763
Call recording 7251128_172437,Call recording 7251128_172437.wav,2,15.353,22.357,7.004
Call recording 7251128_172437,Call recording 7251128_172437.wav,3,27.402,32.954,5.552
Call recording 7251128_172437,Call recording 7251128_172437.wav,4,75.023,77.96,2.937
Call recording 7_251128_061849,Call recording 7_251128_061849.wav,1,0.031,20.129,20.098
Call recording 7_251128_061849,Call recording 7_251128_061849.wav,2,48.007,57.895,9.888
Call recording 7_251128_061849,Call recording 7_251128_061849.wav,3,62.84,65.894,3.054
Call recording 7_251128_061849,Call recording 7_251128_061849.wav,4,71.412,75.26,3.848
Call recording 7_251128_061849,Call recording 7_251128_061849.wav,5,77.572,91.088,13.516
Call recording 7_251128_061849,Call recording 7_251128_061849.wav,6,98.142,103.205,5.063
Call recording 7_251128_061849,Call recording 7_251128_061849.wav,7,104.335,110.967,6.632
Call recording 7_251128_092626,Call recording 7_251128_092626.wav,1,0.031,16.973,16.942
Call recording 7_251128_092626,Call recording 7_251128_092626.wav,2,19.758,23.538,3.78
Call recording 7_251128_092626,Call recording 7_251128_092626.wav,3,46.859,53.44,6.581
Call recording 7_251128_130139,Call recording 7_251128_130139.wav,1,0.031,18.121,18.09
Call recording 7_251128_130139,Call recording 7_251128_130139.wav,2,23.47,29.056,5.586
Call recording 7_251128_130139,Call recording 7_251128_130139.wav,3,31.925,34.22,2.295
Call recording 7_251128_160819,Call recording 7_251128_160819.wav,1,3.76,6.798,3.038
Call recording 7_251128_160819,Call recording 7_251128_160819.wav,2,7.912,13.075,5.163
Call recording 7_251128_160819,Call recording 7_251128_160819.wav,3,20.298,41.847,21.549
Call recording 7_251128_160819,Call recording 7_251128_160819.wav,4,51.382,62.958,11.576
Call recording 7_251128_160819,Call recording 7_251128_160819.wav,5,90.43,97.45,7.02
Call recording 7_251128_160819,Call recording 7_251128_160819.wav,6,111.372,119.708,8.336
Call recording 7_251128_160819,Call recording 7_251128_160819.wav,7,127.268,135.031,7.763
Call recording 7_251128_220436,Call recording 7_251128_220436.wav,1,6.443,9.835,3.392
Call recording 7_251128_220436,Call recording 7_251128_220436.wav,2,37.949,41.071,3.122
Call recording 7_251128_220436,Call recording 7_251128_220436.wav,3,61.625,66.08,4.455
Call recording 7_251128_220436,Call recording 7_251128_220436.wav,4,80.288,83.967,3.679
Call recording 7_251130_150333,Call recording 7_251130_150333.wav,1,0.031,13.632,13.601
Call recording 7_251130_150333,Call recording 7_251130_150333.wav,2,20.213,22.373,2.16
Call recording 7_251130_150333,Call recording 7_251130_150333.wav,3,25.546,27.79,2.244
Call recording 7_251130_150333,Call recording 7_251130_150333.wav,4,47.5,50.487,2.987
Call recording _251128_000158,Call recording _251128_000158.wav,1,1.364,18.29,16.926
Call recording _251128_000158,Call recording _251128_000158.wav,2,27.436,33.022,5.586
Call recording _251128_000158,Call recording _251128_000158.wav,3,35.249,37.493,2.244
Call recording _251128_000158,Call recording _251128_000158.wav,4,39.232,43.703,4.471
Call recording _251128_000158,Call recording _251128_000158.wav,5,50.183,52.917,2.734
Call recording _251128_000158,Call recording _251128_000158.wav,6,59.549,62.857,3.308
Call recording _251128_000158,Call recording _251128_000158.wav,7,65.405,67.835,2.43
Call recording _251128_000158,Call recording _251128_000158.wav,8,77.335,79.681,2.346
Call recording _251128_000158,Call recording _251128_000158.wav,9,84.085,87.055,2.97
Call recording _251128_045727,Call recording _251128_045727.wav,1,0.098,2.157,2.059
Call recording _251128_045727,Call recording _251128_045727.wav,2,4.064,19.201,15.137
Call recording _251128_045727,Call recording _251128_045727.wav,3,22.34,26.255,3.915
Call recording _251128_045727,Call recording _251128_045727.wav,4,57.912,67.953,10.041
Call recording _251128_045727,Call recording _251128_045727.wav,5,71.176,81.368,10.192
Call recording _251128_045727,Call recording _251128_045727.wav,6,82.432,86.701,4.269
Call recording _251128_045727,Call recording _251128_045727.wav,7,97.484,119.81,22.326
Call recording _251128_045727,Call recording _251128_045727.wav,8,126.07,131.251,5.181
Call recording _251128_045727,Call recording _251128_045727.wav,9,140.735,143.333,2.598
Call recording _251128_045727,Call recording _251128_045727.wav,10,144.768,148.278,3.51
Call recording _251128_045727,Call recording _251128_045727.wav,11,203.054,205.349,2.295
Call recording _251128_045727,Call recording _251128_045727.wav,12,206.648,211.745,5.097
Call recording _251128_045727,Call recording _251128_045727.wav,13,222.832,227.59,4.758
Call recording _251128_045727,Call recording _251128_045727.wav,14,231.421,235.252,3.831
Call recording _251128_045727,Call recording _251128_045727.wav,15,238.188,242.744,4.556
Call recording _251128_055921,Call recording _251128_055921.wav,1,0.031,34.253,34.222
Call recording _251128_055921,Call recording _251128_055921.wav,2,42.505,52.715,10.21
Call recording _251128_055921,Call recording _251128_055921.wav,3,55.702,64.257,8.555
Call recording _251128_055921,Call recording _251128_055921.wav,4,94.126,97.467,3.341
Call recording _251128_080730,Call recording _251128_080730.wav,1,5.6,8.941,3.341
Call recording _251128_080730,Call recording _251128_080730.wav,2,10.055,23.15,13.095
Call recording _251128_080730,Call recording _251128_080730.wav,3,81.638,84.355,2.717
Call recording _251128_080730,Call recording _251128_080730.wav,4,92.303,95.257,2.954
Call recording _251128_092239,Call recording _251128_092239.wav,1,0.031,15.1,15.069
Call recording _251128_092239,Call recording _251128_092239.wav,2,21.445,23.69,2.245
Call recording _251128_092239,Call recording _251128_092239.wav,3,24.803,27.959,3.156
Call recording _251128_092239,Call recording _251128_092239.wav,4,34.118,36.953,2.835
Call recording _251128_092239,Call recording _251128_092239.wav,5,43.619,54.419,10.8
Call recording _251128_104418,Call recording _251128_104418.wav,1,0.166,3.642,3.476
Call recording _251128_104418,Call recording _251128_104418.wav,2,4.655,7.152,2.497
Call recording _251128_104418,Call recording _251128_104418.wav,3,8.587,11.303,2.716
Call recording _251128_154736,Call recording _251128_154736.wav,1,4.03,13.565,9.535
Call recording _251128_154736,Call recording _251128_154736.wav,2,16.72,20.315,3.595
Call recording _251128_174609,Call recording _251128_174609.wav,1,0.402,53.761,53.359
Call recording _251128_174609,Call recording _251128_174609.wav,2,75.968,83.461,7.493
Call recording _251128_174609,Call recording _251128_174609.wav,3,88.574,106.782,18.208
Call recording _251128_174609,Call recording _251128_174609.wav,4,109.465,113.279,3.814
Call recording _251128_174609,Call recording _251128_174609.wav,5,128.433,136.702,8.269
Call recording _251128_174609,Call recording _251128_174609.wav,6,138.254,141.41,3.156
Call recording _251128_174609,Call recording _251128_174609.wav,7,145.426,152.834,7.408
Call recording _251128_215453,Call recording _251128_215453.wav,1,1.516,5.583,4.067
Call recording _251128_215453,Call recording _251128_215453.wav,2,9.363,20.585,11.222
Call recording _251128_215453,Call recording _251128_215453.wav,3,24.449,31.857,7.408
Call recording _251128_215453,Call recording _251128_215453.wav,4,33.089,39.35,6.261
Call recording _251128_215453,Call recording _251128_215453.wav,5,41.645,45.61,3.965
Call recording _251128_215453,Call recording _251128_215453.wav,6,47.163,49.593,2.43
Call recording _251128_215453,Call recording _251128_215453.wav,7,54.503,60.865,6.362
Call recording _251128_215453,Call recording _251128_215453.wav,8,67.666,72.914,5.248
Call recording _251128_215453,Call recording _251128_215453.wav,9,78.348,81.622,3.274
Call recording _251128_215453,Call recording _251128_215453.wav,10,89.03,99.847,10.817
Call recording _251128_215453,Call recording _251128_215453.wav,11,102.952,107.018,4.066
Call recording _251128_215453,Call recording _251128_215453.wav,12,108.284,111.119,2.835
Call recording _251128_215453,Call recording _251128_215453.wav,13,127.724,132.972,5.248
Call recording _251128_215453,Call recording _251128_215453.wav,14,135.52,144.008,8.488
Call recording _251128_215453,Call recording _251128_215453.wav,15,150.286,152.868,2.582
Call recording _251128_215453,Call recording _251128_215453.wav,16,157.087,159.567,2.48
Call recording _251128_225506,Call recording _251128_225506.wav,1,1.6,24.027,22.427
Call recording _251128_225506,Call recording _251128_225506.wav,2,29.393,33.848,4.455
Call recording _251128_225506,Call recording _251128_225506.wav,3,49.947,59.38,9.433
Call recording _251128_225506,Call recording _251128_225506.wav,4,62.114,66.653,4.539
Call recording _251128_225506,Call recording _251128_225506.wav,5,71.193,74.247,3.054
Call recording _251128_225506,Call recording _251128_225506.wav,6,77.521,84.237,6.716
Call recording _251128_225506,Call recording _251128_225506.wav,7,95.662,98.935,3.273
Call recording _251128_225506,Call recording _251128_225506.wav,8,101.753,103.812,2.059
Call recording _251128_232203,Call recording _251128_232203.wav,1,2.815,6.207,3.392
Call recording _251128_232203,Call recording _251128_232203.wav,2,63.43,68.003,4.573
Call recording _251129_092106,Call recording _251129_092106.wav,1,0.031,11.928,11.897
Call recording _251129_092106,Call recording _251129_092106.wav,2,31.891,37.021,5.13
Call recording _251129_092106,Call recording _251129_092106.wav,3,48.209,51.044,2.835
Call recording _251129_092106,Call recording _251129_092106.wav,4,56.849,59.279,2.43
Call recording _251129_092106,Call recording _251129_092106.wav,5,60.308,63.11,2.802
Call recording _251129_103931,Call recording _251129_103931.wav,1,2.073,22.897,20.824
Call recording _251129_103931,Call recording _251129_103931.wav,2,43.433,48.158,4.725
Call recording _251129_103931,Call recording _251129_103931.wav,3,60.781,72.813,12.032
Call recording _251129_110959,Call recording _251129_110959.wav,1,0.605,10.443,9.838
Call recording _251129_110959,Call recording _251129_110959.wav,2,12.637,17.682,5.045
Call recording _251129_110959,Call recording _251129_110959.wav,3,23.403,27.689,4.286
Call recording _251129_111237,Call recording _251129_111237.wav,1,0.554,14.003,13.449
Call recording _251129_111237,Call recording _251129_111237.wav,2,16.028,21.614,5.586
Call recording _251129_111237,Call recording _251129_111237.wav,3,23.403,27.824,4.421
Call recording _251129_150256,Call recording _251129_150256.wav,1,3.946,9.953,6.007
Call recording _251129_150256,Call recording _251129_150256.wav,2,11.405,24.432,13.027
Call recording _251129_150256,Call recording _251129_150256.wav,3,28.465,34.135,5.67
Call recording _251129_150256,Call recording _251129_150256.wav,4,53.018,55.094,2.076
Call recording _251129_150256,Call recording _251129_150256.wav,5,80.204,82.6,2.396
Call recording _251129_150256,Call recording _251129_150256.wav,6,105.095,107.575,2.48
Call recording _251130_054850,Call recording _251130_054850.wav,1,2.579,23.133,20.554
Call recording _251130_054850,Call recording _251130_054850.wav,2,24.803,30.001,5.198
Call recording _251130_054850,Call recording _251130_054850.wav,3,35.485,55.904,20.419
Call recording _251130_054850,Call recording _251130_054850.wav,4,60.005,62.35,2.345
Call recording _251130_075849,Call recording _251130_075849.wav,1,0.571,11.877,11.306
Call recording _251130_075849,Call recording _251130_075849.wav,2,13.312,22.643,9.331
Call recording _251130_075849,Call recording _251130_075849.wav,3,23.909,26.17,2.261
Call recording _251130_075849,Call recording _251130_075849.wav,4,40.514,55.803,15.289
Call recording _251130_075849,Call recording _251130_075849.wav,5,57.271,82.6,25.329
Call recording _251130_075849,Call recording _251130_075849.wav,6,85.992,102.85,16.858
Call recording _251130_075849,Call recording _251130_075849.wav,7,103.913,112.722,8.809
Call recording _251130_075849,Call recording _251130_075849.wav,8,114.207,128.095,13.888
Call recording _251130_075849,Call recording _251130_075849.wav,9,174.012,182.956,8.944
Call recording _251130_075849,Call recording _251130_075849.wav,10,223.625,227.287,3.662
Call recording _251130_125506,Call recording _251130_125506.wav,1,0.031,7.861,7.83
Call recording _251130_125506,Call recording _251130_125506.wav,2,8.941,11.489,2.548
Call recording _251130_125506,Call recording _251130_125506.wav,3,25.698,35.114,9.416
Call recording _251130_125506,Call recording _251130_125506.wav,4,37.426,45.155,7.729
Call recording _251130_125506,Call recording _251130_125506.wav,5,50.774,52.968,2.194
Call recording _251130_125506,Call recording _251130_125506.wav,6,63.785,69.05,5.265
Call recording _251130_125506,Call recording _251130_125506.wav,7,74.618,81.858,7.24
Call recording _251130_150637,Call recording _251130_150637.wav,1,0.031,6.528,6.497
Call recording _251130_150637,Call recording _251130_150637.wav,2,7.642,13.565,5.923
Call recording _251130_192058,Call recording _251130_192058.wav,1,0.115,9.835,9.72
Call recording _251130_192058,Call recording _251130_192058.wav,2,31.722,39.08,7.358
Call recording _251130_192058,Call recording _251130_192058.wav,3,56.647,60.038,3.391
Call recording tamil,Call recording tamil.wav,1,0.723,27.487,26.764
Call recording_251128_213632,Call recording_251128_213632.wav,1,0.031,11.067,11.036
Call recording_251128_213632,Call recording_251128_213632.wav,2,17.024,25.58,8.556
Call recording_251128_213632,Call recording_251128_213632.wav,3,37.274,39.603,2.329
Call recording_251128_213632,Call recording_251128_213632.wav,4,45.391,48.496,3.105
Call recording_251128_213632,Call recording_251128_213632.wav,5,62.553,72.88,10.327
890001000492658,890001000492658.wav,1,3.035,16.754,13.719
890001000492658,890001000492658.wav,2,21.715,30.001,8.286
890001000492658,890001000492658.wav,3,62.941,69.826,6.885
890001000492659,890001000492659.wav,1,6.562,9.295,2.733
890001000492659,890001000492659.wav,2,11.32,15.64,4.32
890001000492659,890001000492659.wav,3,17.243,23.555,6.312
890001000492659,890001000492659.wav,4,26.018,31.604,5.586
890001000492659,890001000492659.wav,5,32.92,37.73,4.81
890001000492661,890001000492661.wav,1,4.773,11.354,6.581
890001000492661,890001000492661.wav,2,23.015,28.145,5.13
890001000492661,890001000492661.wav,3,42.235,45.037,2.802
890001000492661,890001000492661.wav,4,51.432,53.643,2.211
890001000492661,890001000492661.wav,5,56.174,59.735,3.561
890001000492661,890001000492661.wav,6,63.059,67.97,4.911
890001000492661,890001000492661.wav,7,75.884,83.393,7.509
890001000492661,890001000492661.wav,8,85.368,87.815,2.447
890001000492665,890001000492665.wav,1,3.473,10.51,7.037
890001000492665,890001000492665.wav,2,28.921,31.368,2.447
890001000492665,890001000492665.wav,3,35.485,39.637,4.152
890001000492665,890001000492665.wav,4,66.974,72.661,5.687
890001000492665,890001000492665.wav,5,92.253,98.193,5.94
890001000492675,890001000492675.wav,1,2.782,15.978,13.196
890001000492675,890001000492675.wav,2,23.707,28.347,4.64
890001000492675,890001000492675.wav,3,35.418,40.936,5.518
890001000492675,890001000492675.wav,4,57.625,61.287,3.662
890001000492675,890001000492675.wav,5,79.208,81.233,2.025
890001000492675,890001000492675.wav,6,84.49,86.684,2.194
890001000492675,890001000492675.wav,7,99.56,101.635,2.075
890001000492722,890001000492722.wav,1,19.117,22.677,3.56
890001000492722,890001000492722.wav,2,23.707,35.148,11.441
890001000492722,890001000492722.wav,3,39.822,42.978,3.156
890001000492735,890001000492735.wav,1,3.862,10.578,6.716
890001000492735,890001000492735.wav,2,12.4,16.788,4.388
890001000492735,890001000492735.wav,3,18.712,26.508,7.796
890001000492735,890001000492735.wav,4,28.229,36.953,8.724
890001000492735,890001000492735.wav,5,44.277,51.415,7.138
890001000492744,890001000492744.wav,1,4.081,8.873,4.792
890001000492744,890001000492744.wav,2,11.084,17.227,6.143
890001000492744,890001000492744.wav,3,27.385,32.195,4.81
890001000492744,890001000492744.wav,4,41.932,46.42,4.488
890001000492744,890001000492744.wav,5,50.858,55.887,5.029
890001000492744,890001000492744.wav,6,57.203,63.447,6.244
890001000492744,890001000492744.wav,7,85.57,96.539,10.969
890001000492744,890001000492744.wav,8,101.602,104.673,3.071
